set_num,theme,name,year,pieces,minifigs,rrp_price,current_value
10312-1,Icons,Jazz Club,2023,2899.0,8.0,229.99,
10313-1,Icons,Wildflower Bouquet,2023,939.0,0.0,59.99,
10314-1,Icons,Dried Flower Centrepiece,2023,812.0,0.0,49.99,
10315-1,Icons,Tranquil Garden,2023,1363.0,0.0,109.99,
10316-1,Icons,The Lord of the Rings: Rivendell,2023,6167.0,21.0,499.99,
10317-1,Icons,Land Rover Classic Defender 90,2023,2336.0,0.0,239.99,
10318-1,Icons,Concorde,2023,2083.0,0.0,199.99,
10320-1,Icons,Eldorado Fortress,2023,2509.0,9.0,214.99,
10321-1,Icons,Corvette,2023,1210.0,0.0,149.99,
10785-1,Gabby's Dollhouse,Bakey with Cakey Fun,2023,58.0,1.0,10.99,
10786-1,Gabby's Dollhouse,Gabby & MerCat's Ship & Spa,2023,88.0,2.0,19.99,
10787-1,Gabby's Dollhouse,Kitty Fairy's Garden Party,2023,130.0,5.0,34.99,
10788-1,Gabby's Dollhouse,Gabby's Dollhouse,2023,498.0,1.0,79.99,
10981-1,Duplo,Growing Carrot,2023,11.0,0.0,9.99,
10983-1,Duplo,Organic Market,2023,40.0,0.0,29.99,
10984-1,Duplo,Organic Garden,2023,43.0,0.0,44.99,
11027-1,Classic,Creative Neon Fun,2023,333.0,0.0,19.99,
11028-1,Classic,Creative Pastel Fun,2023,333.0,0.0,19.99,
11029-1,Classic,Creative Party Box,2023,900.0,0.0,49.99,
11030-1,Classic,Lots of Bricks,2023,1000.0,0.0,59.99,
11031-1,Classic,Creative Monkey Fun,2023,135.0,0.0,9.99,
11032-1,Classic,Creative Colour Fun,2023,1500.0,0.0,64.99,
11033-1,Classic,Creative Fantasy Universe,2023,1800.0,0.0,89.99,
21060-1,Architecture,Himeji Castle,2023,2125.0,0.0,159.99,
21240-1,Minecraft,The Swamp Adventure,2023,65.0,10.0,9.99,
21243-1,Minecraft,The Frozen Peaks,2023,304.0,12.0,34.99,
21244-1,Minecraft,The Sword Outpost,2023,427.0,12.0,44.99,
21245-1,Minecraft,The Panda Haven,2023,553.0,11.0,49.99,
21248-1,Minecraft,The Pumpkin Farm,2023,257.0,9.0,39.99,
21249-1,Minecraft,The Crafting Box 4.0,2023,605.0,9.0,79.99,
21340-1,Ideas,Tales of the Space Age,2023,688.0,0.0,49.99,
21341-1,Ideas,Disney Hocus Pocus: The Sanderson Sisters' Cottage,2023,2316.0,47.0,229.99,
21342-1,Ideas,The Insect Collection,2023,1111.0,0.0,79.99,
21344-1,Ideas,The Orient Express Train,2023,2540.0,8.0,299.99,
30634-1,Friends,Friendship Flowers,2023,84.0,0.0,4.99,
30637-1,Dots,Animal Tray and Bag Tag,2023,94.0,0.0,4.99,
30641-1,Creator,Panda Bear,2023,83.0,0.0,4.99,
30643-1,Creator,Easter Chickens,2023,61.0,0.0,4.99,
30645-1,Creator,Snowman,2023,78.0,0.0,4.99,
30647-1,Minecraft,The Dripstone Cavern,2023,45.0,9.0,4.99,
30654-1,Star Wars,X-wing Starfighter,2023,87.0,0.0,4.99,
30657-1,Speed Champions,McLaren Solus GT,2023,95.0,0.0,4.99,
31133-1,Creator,White Rabbit,2023,258.0,0.0,19.99,
31134-1,Creator,Space Shuttle,2023,144.0,0.0,9.99,
31135-1,Creator,Vintage Motorcycle,2023,128.0,0.0,14.99,
31136-1,Creator,Exotic Parrot,2023,253.0,0.0,19.99,
31137-1,Creator,Adorable Dogs,2023,475.0,0.0,29.99,
31140-1,Creator,Magical Unicorn,2023,145.0,0.0,9.99,
31143-1,Creator,Birdhouse,2023,476.0,0.0,29.99,
31144-1,Creator,Exotic Pink Parrot,2023,253.0,0.0,19.99,
31208-1,Art,Hokusai - The Great Wave,2023,1810.0,0.0,99.99,
31209-1,Art,The Amazing Spider-Man,2023,2099.0,0.0,199.99,
31210-1,Art,Modern Art,2023,805.0,0.0,49.99,
40504-1,Promotional,A Minifigure Tribute,2023,1041.0,0.0,84.99,
40596-1,Promotional,Magic Maze,2023,332.0,0.0,29.99,
40613-1,Disney,Mini Disney Palace of Agrabah,2023,506.0,0.0,39.99,
40615-1,BrickHeadz,Tusken Raider,2023,152.0,0.0,9.99,
40616-1,BrickHeadz,Harry Potter & Cho Chang,2023,267.0,0.0,19.99,
40617-1,BrickHeadz,Draco Malfoy & Cedric Diggory,2023,262.0,0.0,19.99,
40618-1,BrickHeadz,Kingsley Shacklebolt & Nymphadora Tonks,2023,250.0,0.0,19.99,
40619-1,BrickHeadz,EVE & WALL-E,2023,155.0,0.0,19.99,
40620-1,BrickHeadz,Cruella & Maleficent,2023,320.0,0.0,19.99,
40621-1,BrickHeadz,Moana & Merida,2023,410.0,0.0,19.99,
40622-1,BrickHeadz,Disney 100th Celebration,2023,501.0,0.0,39.99,
40623-1,BrickHeadz,Battle of Endor Heroes,2023,549.0,0.0,39.99,
40624-1,BrickHeadz,Alex,2023,86.0,0.0,9.99,
40625-1,BrickHeadz,Llama,2023,100.0,0.0,9.99,
40626-1,BrickHeadz,Zombie,2023,81.0,0.0,9.99,
40627-1,BrickHeadz,Sonic the Hedgehog,2023,139.0,0.0,9.99,
40628-1,BrickHeadz,Miles 'Tails' Prower,2023,131.0,0.0,9.99,
40630-1,BrickHeadz,Frodo & Gollum,2023,184.0,0.0,14.99,
40631-1,BrickHeadz,Gandalf the Grey & Balrog,2023,348.0,0.0,19.99,
40632-1,BrickHeadz,Aragorn & Arwen,2023,261.0,0.0,19.99,
40634-1,Miscellaneous,Icons of Play,2023,899.0,15.0,99.99,
40638-1,Seasonal,Heart Ornament,2023,254.0,0.0,12.99,
40639-1,Seasonal,Bird's Nest,2023,232.0,0.0,12.99,
40640-1,Seasonal,LEGO Nutcracker,2023,208.0,0.0,12.99,
40642-1,Seasonal,Gingerbread Ornaments,2023,190.0,0.0,12.99,
40643-1,Seasonal,Jade Rabbit,2023,288.0,0.0,19.99,
40644-1,Seasonal,Piñata,2023,206.0,0.0,9.99,
40646-1,Icons,Daffodils,2023,216.0,0.0,14.99,
40647-1,Creator,Lotus Flowers,2023,220.0,0.0,14.99,
40648-1,Seasonal,Money Tree,2023,336.0,0.0,24.99,
40651-1,Creator,Australia Postcard,2023,191.0,0.0,14.99,
40655-1,Miscellaneous,Play with Braille – French Alphabet,2023,287.0,0.0,89.99,
40656-1,Miscellaneous,Play with Braille – English Alphabet,2023,287.0,0.0,89.99,
40657-1,Dreamzzz,Dream Village,2023,434.0,4.0,29.99,
41732-1,Friends,Downtown Flower and Design Stores,2023,2010.0,9.0,159.99,
41801-1,Dots,My Pets Bracelet,2023,37.0,0.0,5.99,
41802-1,Dots,Unicorns Forever Bracelet,2023,37.0,0.0,5.99,
41803-1,Dots,Extra DOTS Series 8 - Glitter and Shine,2023,115.0,0.0,3.99,
41805-1,Dots,Creative Animal Drawer,2023,643.0,0.0,24.99,
41806-1,Dots,Ultimate Party Kit,2023,1154.0,0.0,49.99,
41807-1,Dots,Bracelet Designer Mega Pack,2023,388.0,0.0,29.99,
41808-1,Dots,Hogwarts Accessories Pack,2023,234.0,0.0,14.99,
41809-1,Dots,Hedwig Pencil Holder,2023,518.0,0.0,19.99,
41811-1,Dots,Hogwarts Desktop Kit,2023,856.0,0.0,44.99,
42146-1,Technic,Liebherr Crawler Crane LR 13000,2023,2883.0,0.0,699.99,
42147-1,Technic,Dump Truck,2023,177.0,0.0,12.99,
42148-1,Technic,Snow Groomer,2023,178.0,0.0,12.99,
42149-1,Technic,Monster Jam Dragon,2023,217.0,0.0,19.99,
42150-1,Technic,Monster Jam Monster Mutt Dalmatian,2023,244.0,0.0,19.99,
42151-1,Technic,Bugatti Bolide,2023,905.0,0.0,49.99,
42152-1,Technic,Firefighter Aircraft,2023,1134.0,0.0,99.99,
42153-1,Technic,NASCAR Next Gen Chevrolet Camaro ZL1,2023,672.0,0.0,49.99,
42154-1,Technic,2022 Ford GT,2023,1466.0,0.0,119.99,
42155-1,Technic,The Batman - Batcycle,2023,641.0,0.0,49.99,
42156-1,Technic,PEUGEOT 9X8 24H Le Mans Hybrid Hypercar,2023,1775.0,0.0,199.99,
42157-1,Technic,John Deere 948L-II Skidder,2023,1492.0,0.0,199.99,
42158-1,Technic,NASA Mars Rover Perseverance,2023,1132.0,0.0,99.99,
42159-1,Technic,Yamaha MT-10 SP,2023,1478.0,0.0,239.99,
42160-1,Technic,Audi RS Q e-tron,2023,914.0,0.0,179.99,
42161-1,Technic,Lamborghini Huracán Tecnica,2023,806.0,0.0,49.99,
42162-1,Technic,Bugatti Bolide Agile Blue,2023,905.0,0.0,49.99,
43215-1,Disney,The Enchanted Treehouse,2023,1016.0,13.0,159.99,
43222-1,Disney,Disney Castle,2023,4837.0,8.0,399.99,
43226-1,Disney,Disney Duos,2023,553.0,0.0,44.99,
60366-1,City,Ski and Climbing Centre,2023,1045.0,8.0,119.99,
60367-1,City,Passenger Airplane,2023,913.0,9.0,119.99,
60380-1,City,Downtown,2023,2010.0,14.0,199.99,
66733-1,Collectable Minifigures,LEGO Minifigures - Series 24  {Box of 6 random bags},2023,0.0,0.0,29.94,
66734-1,Collectable Minifigures,LEGO Minifigures - Disney 100 Series {Box of 6 random bags},2023,0.0,0.0,29.94,
66735-1,Collectable Minifigures,LEGO Minifigures - Marvel Studios Series 2 {Box of 6 random packs},2023,0.0,0.0,29.99,
66747-1,Miscellaneous,Animal Play Pack,2023,486.0,0.0,14.97,
66774-1,Jurassic World,Dino Combo Pack,2023,391.0,0.0,79.98,
66775-1,Star Wars,Hoth Combo Pack,2023,691.0,0.0,69.98,
66777-1,Miscellaneous,Vehicle Pack,2023,288.0,0.0,24.99,
66778-1,Star Wars,Star Wars Mech 3-Pack,2023,432.0,0.0,47.97,
71037-0,Collectable Minifigures,LEGO Minifigures - Series 24 {Random bag},2023,0.0,0.0,4.99,
71038-0,Collectable Minifigures,LEGO Minifigures - Disney 100 Series {Random bag},2023,0.0,0.0,4.99,
71038-20,Collectable Minifigures,LEGO Minifigures - Disney 100 Series - Sealed Box,2023,0.0,0.0,4.99,
71039-0,Collectable Minifigures,LEGO Minifigures - Marvel Studios Series 2 {Random pack},2023,0.0,0.0,4.99,
71039-1,Collectable Minifigures,Agatha Harkness,2023,11.0,13.0,4.99,
71039-2,Collectable Minifigures,Moon Knight,2023,8.0,14.0,4.99,
71039-3,Collectable Minifigures,Mr. Knight,2023,9.0,15.0,4.99,
71039-4,Collectable Minifigures,Werewolf by Night,2023,8.0,16.0,4.99,
71039-5,Collectable Minifigures,She-Hulk,2023,9.0,17.0,4.99,
71039-6,Collectable Minifigures,Hawkeye,2023,8.0,18.0,4.99,
71039-7,Collectable Minifigures,Kate Bishop,2023,11.0,19.0,4.99,
71039-9,Collectable Minifigures,Echo,2023,8.0,21.0,4.99,
71039-10,Collectable Minifigures,Beast,2023,11.0,22.0,4.99,
71039-11,Collectable Minifigures,Storm,2023,10.0,23.0,4.99,
71039-12,Collectable Minifigures,Wolverine,2023,11.0,24.0,4.99,
71413-0,Super Mario,Character Pack Series 6 {Random box},2023,0.0,0.0,5.99,
71413-1,Super Mario,Blooper,2023,46.0,13.0,5.99,
71413-10,Super Mario,Character Pack Series 6 - Sealed Box,2023,0.0,0.0,5.99,
71416-1,Super Mario,Lava Wave Ride,2023,218.0,38.0,34.99,
71419-1,Super Mario,Peach's Garden Balloon Ride,2023,453.0,38.0,49.99,
71426-1,Super Mario,Piranha Plant,2023,540.0,0.0,59.99,
71453-1,Dreamzzz,Izzie and Bunchu the Bunny,2023,259.0,1.0,19.99,
71454-1,Dreamzzz,Mateo and Z-Blob the Robot,2023,237.0,3.0,19.99,
71455-1,Dreamzzz,Grimkeeper the Cage Monster,2023,274.0,3.0,37.99,
71456-1,Dreamzzz,Mrs. Castillo's Turtle Van,2023,434.0,2.0,47.99,
71457-1,Dreamzzz,Pegasus Flying Horse,2023,482.0,9.0,49.99,
71458-1,Dreamzzz,Crocodile Car,2023,494.0,4.0,59.99,
71459-1,Dreamzzz,Stable of Dream Creatures,2023,681.0,13.0,79.99,
71460-1,Dreamzzz,Mr. Oz's Spacebus,2023,878.0,10.0,99.99,
71461-1,Dreamzzz,Fantastical Tree House,2023,1257.0,6.0,109.99,
71469-1,Dreamzzz,Nightmare Shark Ship,2023,1389.0,6.0,139.99,
71799-1,Ninjago,NINJAGO City Markets,2023,6163.0,21.0,369.99,
75349-1,Star Wars,Captain Rex Helmet,2023,854.0,0.0,69.99,
75350-1,Star Wars,Clone Commander Cody Helmet,2023,766.0,0.0,69.99,
75351-1,Star Wars,Princess Leia (Boushh) Helmet,2023,670.0,0.0,69.99,
75356-1,Star Wars,Executor Super Star Destroyer,2023,630.0,0.0,69.99,
75365-1,Star Wars,Yavin 4 Rebel Base,2023,1066.0,12.0,169.99,
75366-1,Star Wars,LEGO Star Wars Advent Calendar,2023,320.0,8.0,44.99,
75575-1,Avatar,Ilu Discovery,2023,179.0,14.0,24.99,
75576-1,Avatar,Skimwing Adventure,2023,259.0,22.0,34.99,
75577-1,Avatar,Mako Submarine,2023,553.0,16.0,59.99,
75578-1,Avatar,Metkayina Reef Home,2023,528.0,24.0,79.99,
75579-1,Avatar,Payakan the Tulkun & Crabsuit,2023,761.0,15.0,99.99,
76249-1,Marvel Super Heroes,Venomized Groot,2023,630.0,0.0,49.99,
76250-1,Marvel Super Heroes,Wolverine's Adamantium Claws,2023,596.0,0.0,69.99,
76251-1,Marvel Super Heroes,Star-Lord's Helmet,2023,602.0,0.0,79.99,
76257-1,Marvel Super Heroes,Wolverine Construction Figure,2023,327.0,0.0,32.99,
76258-1,Marvel Super Heroes,Captain America Construction Figure,2023,310.0,0.0,32.99,
76259-1,DC Comics Super Heroes,Batman Construction Figure,2023,275.0,0.0,32.99,
76261-1,Marvel Super Heroes,Spider-Man Final Battle,2023,900.0,9.0,109.99,
10298-1,Icons,Vespa 125,2022,1106.0,0.0,99.99,
10299-1,Icons,Real Madrid - Santiago Bernabéu Stadium,2022,5876.0,0.0,399.99,
10300-1,Icons,Back to the Future Time Machine,2022,1872.0,1.0,199.99,
10302-1,Icons,Optimus Prime,2022,1508.0,0.0,179.99,
10303-1,Icons,Loop Coaster,2022,3756.0,11.0,399.99,
10304-1,Icons,Chevrolet Camaro Z/28 1969,2022,1456.0,0.0,169.99,
10305-1,Icons,Lion Knights' Castle,2022,4514.0,22.0,399.99,
10307-1,Icons,Eiffel Tower,2022,10001.0,0.0,629.99,
10309-1,Icons,Succulents,2022,771.0,0.0,49.99,
10311-1,Icons,Orchid,2022,608.0,0.0,49.99,
10964-1,Duplo,Bath Time Fun: Floating Red Panda,2022,5.0,0.0,9.99,
10965-1,Duplo,Bath Time Fun: Floating Animal Train,2022,14.0,0.0,19.99,
10966-1,Duplo,Bath Time Fun: Floating Animal Island,2022,20.0,0.0,44.99,
10971-1,Duplo,Wild Animals of Africa,2022,10.0,0.0,9.99,
10972-1,Duplo,Wild Animals of the Ocean,2022,32.0,0.0,19.99,
10973-1,Duplo,Wild Animals of South America,2022,71.0,0.0,54.99,
10974-1,Duplo,Wild Animals of Asia,2022,118.0,0.0,99.99,
10975-1,Duplo,Wild Animals of the World,2022,143.0,0.0,129.99,
10977-1,Duplo,My First Puppy & Kitten with Sounds,2022,22.0,0.0,44.99,
10978-1,Duplo,Creative Building Time,2022,120.0,0.0,44.99,
10979-1,Duplo,Wild Animals of Europe,2022,85.0,0.0,69.99,
10980-1,Duplo,DUPLO Green Building Plate,2022,1.0,0.0,14.99,
11017-1,Classic,Creative Monsters,2022,140.0,0.0,9.99,
11018-1,Classic,Creative Ocean Fun,2022,333.0,0.0,19.99,
11019-1,Classic,Bricks and Functions,2022,500.0,0.0,29.99,
11020-1,Classic,Build Together,2022,1601.0,0.0,99.99,
11021-1,Classic,90 Years of Play,2022,1100.0,0.0,49.99,
11022-1,Classic,Space Mission,2022,1700.0,0.0,69.99,
11023-1,Classic,Green Baseplate,2022,1.0,0.0,7.99,
11024-1,Classic,Gray Baseplate,2022,1.0,0.0,14.99,
11025-1,Classic,Blue Baseplate,2022,1.0,0.0,7.99,
11026-1,Classic,White Baseplate,2022,1.0,0.0,7.99,
21057-1,Architecture,Singapore,2022,827.0,0.0,59.99,
21058-1,Architecture,The Great Pyramid of Giza,2022,1476.0,0.0,129.99,
21177-1,Minecraft,The Creeper Ambush,2022,72.0,9.0,9.99,
21179-1,Minecraft,The Mushroom House,2022,272.0,17.0,24.99,
21181-1,Minecraft,The Rabbit Ranch,2022,340.0,10.0,34.99,
21183-1,Minecraft,The Training Grounds,2022,534.0,11.0,79.99,
21184-1,Minecraft,The Bakery,2022,154.0,12.0,24.99,
21186-1,Minecraft,The Ice Castle,2022,499.0,10.0,49.99,
21189-1,Minecraft,The Skeleton Dungeon,2022,364.0,11.0,34.99,
21332-1,Ideas,The Globe,2022,2585.0,0.0,229.99,
21334-1,Ideas,Jazz Quartet,2022,1606.0,0.0,99.99,
21336-1,Ideas,The Office,2022,1164.0,15.0,119.99,
21337-1,Ideas,Table Football,2022,2339.0,22.0,249.99,
30333-1,Duplo,My First Elephant,2022,6.0,0.0,4.99,
30434-1,Speed Champions,Aston Martin Valkyrie AMR Pro,2022,97.0,0.0,4.99,
30510-1,Classic,90 Years of Cars,2022,71.0,0.0,3.99,
30594-1,Creator,Rock Monster Truck,2022,54.0,0.0,4.99,
31123-1,Creator,Off-Road Buggy,2022,160.0,0.0,14.99,
31124-1,Creator,Super Robot,2022,159.0,0.0,9.99,
31125-1,Creator,Fantasy Forest Creatures,2022,175.0,0.0,14.99,
31126-1,Creator,Supersonic-jet,2022,215.0,0.0,19.99,
31127-1,Creator,Street Racer,2022,258.0,0.0,19.99,
31128-1,Creator,Dolphin and Turtle,2022,137.0,0.0,9.99,
31129-1,Creator,Majestic Tiger,2022,755.0,0.0,49.99,
31132-1,Creator,Viking Ship and the Midgard Serpent,2022,1192.0,38.0,119.99,
31204-1,Art,Elvis Presley  'The King',2022,3445.0,0.0,119.99,
31205-1,Art,Jim Lee Batman Collection,2022,4167.0,0.0,119.99,
31206-1,Art,The Rolling Stones,2022,1998.0,0.0,149.99,
31207-1,Art,Floral Art,2022,2870.0,0.0,79.99,
40517-1,Creator,Vespa,2022,118.0,0.0,9.99,
40518-1,Creator,High-Speed Train,2022,284.0,0.0,19.99,
40520-1,Creator,Beijing Postcard,2022,280.0,0.0,14.99,
40522-1,Seasonal,Valentine Lovebirds,2022,298.0,0.0,12.99,
40523-1,Seasonal,Easter Rabbits Display,2022,288.0,0.0,12.99,
40524-1,Botanicals,Sunflowers,2022,191.0,0.0,14.99,
40535-1,Brick Sketches,Iron Man,2022,200.0,0.0,16.99,
40536-1,Brick Sketches,Miles Morales,2022,214.0,0.0,16.99,
40539-1,BrickHeadz,Ahsoka Tano,2022,164.0,0.0,9.99,
40540-1,BrickHeadz,Lion Dance Guy,2022,239.0,0.0,9.99,
40541-1,BrickHeadz,Manchester United Go Brick Me,2022,530.0,0.0,19.99,
40542-1,BrickHeadz,FC Barcelona Go Brick Me,2022,530.0,0.0,19.99,
40543-1,BrickHeadz,St. Bernard,2022,236.0,0.0,14.99,
40544-1,BrickHeadz,French Bulldog,2022,237.0,0.0,14.99,
40545-1,BrickHeadz,Koi Fish,2022,203.0,0.0,14.99,
40546-1,BrickHeadz,Poodles,2022,304.0,0.0,14.99,
40547-1,BrickHeadz,Obi-Wan Kenobi & Darth Vader,2022,260.0,0.0,19.99,
40548-1,BrickHeadz,Spice Girls Tribute,2022,578.0,0.0,49.99,
40549-1,BrickHeadz,Demogorgon & Eleven,2022,192.0,0.0,19.99,
40550-1,BrickHeadz,Chip & Dale,2022,226.0,0.0,19.99,
40552-1,BrickHeadz,Buzz Lightyear,2022,114.0,0.0,9.99,
40553-1,BrickHeadz,Woody and Bo Peep,2022,296.0,0.0,19.99,
40554-1,BrickHeadz,Jake Sully & his Avatar,2022,246.0,0.0,19.99,
40559-1,BrickHeadz,Road Runner & Wile E. Coyote,2022,205.0,0.0,19.99,
40560-1,BrickHeadz,Professors of Hogwarts,2022,601.0,0.0,39.99,
40568-1,Creator,Paris Postcard,2022,213.0,0.0,14.99,
40569-1,Creator,London Postcard,2022,277.0,0.0,14.99,
40570-1,Seasonal,Halloween Cat and Mouse,2022,328.0,0.0,12.99,
40571-1,Seasonal,Wintertime Polar Bears,2022,312.0,0.0,12.99,
40572-1,Seasonal,Penguin & Snowflake,2022,139.0,0.0,9.99,
40573-1,Seasonal,Christmas Tree,2022,784.0,0.0,44.99,
40654-1,Creator,Beijing Postcard,2022,274.0,0.0,14.99,
41704-1,Friends,Main Street Building,2022,1682.0,8.0,159.99,
41942-1,Dots,Into the Deep Bracelets with Charms,2022,36.0,0.0,5.99,
41943-1,Dots,Gamer Bracelet with Charms,2022,37.0,0.0,5.99,
41944-1,Dots,Candy Kitty Bracelet & Bag Tag,2022,188.0,0.0,14.99,
41945-1,Dots,Neon Tiger Bracelet & Bag Tag,2022,188.0,0.0,14.99,
41946-1,Dots,Extra DOTS - Series 6,2022,118.0,0.0,3.99,
41947-1,Dots,Mickey and Friends Bracelets Mega Pack,2022,349.0,0.0,34.99,
41948-1,Dots,Cute Banana Pen Holder,2022,438.0,0.0,19.99,
41949-1,Dots,Bag Tags Mega Pack – Messaging,2022,228.0,0.0,29.99,
41950-1,Dots,Lots of DOTS - Lettering,2022,722.0,0.0,19.99,
41951-1,Dots,Message Board,2022,531.0,0.0,19.99,
41952-1,Dots,Big Message Board,2022,943.0,0.0,39.99,
41953-1,Dots,Rainbow Bracelet with Charms,2022,37.0,0.0,5.99,
41954-1,Dots,Adhesive Patch,2022,95.0,0.0,5.99,
41955-1,Dots,Stitch-on Patch,2022,95.0,0.0,5.99,
41956-1,Dots,Picture Frames & Bracelet Ice Cream,2022,474.0,0.0,29.99,
41957-1,Dots,Adhesive Patches Mega Pack,2022,486.0,0.0,34.99,
41958-1,Dots,Extra DOTS Series 7 - Sport,2022,115.0,0.0,3.99,
41959-1,Dots,Cute Panda Tray,2022,517.0,0.0,19.99,
41960-1,Dots,Big Box,2022,479.0,0.0,34.99,
41961-1,Dots,Designer Toolkit - Patterns,2022,1096.0,0.0,64.99,
41962-1,Dots,Unicorn Creative Family Pack,2022,707.0,0.0,39.99,
41963-1,Dots,Mickey Mouse & Minnie Mouse Stitch-on Patch,2022,95.0,0.0,5.99,
41964-1,Dots,Mickey Mouse & Minnie Mouse Back-to-School Project Box,2022,669.0,0.0,44.99,
42127-1,Technic,The Batman -  Batmobile,2022,1360.0,0.0,99.99,
42130-1,Technic,BMW M 1000 RR,2022,1920.0,0.0,249.99,
42132-1,Technic,Motorcycle,2022,163.0,0.0,12.99,
42133-1,Technic,Telehandler,2022,143.0,0.0,12.99,
42134-1,Technic,Monster Jam Megalodon,2022,260.0,0.0,19.99,
42135-1,Technic,Monster Jam El Toro Loco,2022,247.0,0.0,19.99,
42136-1,Technic,John Deere 9620R 4WD Tractor,2022,390.0,0.0,34.99,
42137-1,Technic,Formula E Porsche 99x Electric,2022,422.0,0.0,49.99,
42138-1,Technic,Ford Mustang Shelby GT500,2022,544.0,0.0,49.99,
42139-1,Technic,All-Terrain Vehicle,2022,764.0,0.0,89.99,
42140-1,Technic,App-Controlled Transformation Vehicle,2022,772.0,0.0,149.99,
42141-1,Technic,McLaren Formula 1 Race Car,2022,1432.0,0.0,199.99,
42143-1,Technic,Ferrari Daytona SP3,2022,3778.0,0.0,449.99,
42144-1,Technic,Material Handler,2022,835.0,0.0,149.99,
42145-1,Technic,Airbus H175 Rescue Helicopter,2022,2001.0,0.0,209.99,
60329-1,City,School Day,2022,433.0,8.0,69.99,
60330-1,City,Hospital,2022,816.0,13.0,119.99,
66700-1,Collectable Minifigures,LEGO Minifigures - Series 22 {Box of 6 random bags},2022,0.0,0.0,29.94,
66708-1,Star Wars,Galactic Adventures Pack,2022,901.0,0.0,97.48,
71032-0,Collectable Minifigures,LEGO Minifigures - Series 22 {Random bag},2022,0.0,0.0,4.99,
71032-14,Collectable Minifigures,LEGO Minifigures - Series 22 - Sealed Box,2022,0.0,0.0,4.99,
71033-0,Collectable Minifigures,LEGO Minifigures - The Muppets Series {Random bag},2022,0.0,0.0,4.99,
71033-1,Collectable Minifigures,Rowlf the Dog,2022,8.0,1.0,4.99,
71033-2,Collectable Minifigures,Dr. Bunsen Honeydew,2022,5.0,2.0,4.99,
71033-3,Collectable Minifigures,Beaker,2022,6.0,3.0,4.99,
71033-4,Collectable Minifigures,Gonzo,2022,5.0,4.0,4.99,
71033-5,Collectable Minifigures,Kermit the Frog,2022,6.0,5.0,4.99,
71033-6,Collectable Minifigures,Miss Piggy,2022,5.0,6.0,4.99,
71033-7,Collectable Minifigures,Fozzie Bear,2022,9.0,7.0,4.99,
71033-8,Collectable Minifigures,Animal,2022,16.0,8.0,4.99,
71033-9,Collectable Minifigures,Waldorf,2022,7.0,9.0,4.99,
71033-10,Collectable Minifigures,Statler,2022,7.0,10.0,4.99,
71033-11,Collectable Minifigures,The Swedish Chef,2022,7.0,11.0,4.99,
71033-12,Collectable Minifigures,Janice,2022,5.0,12.0,4.99,
71034-0,Collectable Minifigures,LEGO Minifigures - Series 23 {Random bag},2022,0.0,0.0,4.99,
71034-13,Collectable Minifigures,LEGO Minifigures - Series 23 - Complete,2022,101.0,12.0,4.99,
71034-14,Collectable Minifigures,LEGO Minifigures - Series 23 - Sealed Box,2022,0.0,0.0,4.99,
71035-1,Collectable Minifigures,LEGO Minifigures - The Muppets Series {Box of 6 random bags},2022,0.0,0.0,29.94,
71036-1,Collectable Minifigures,LEGO Minifigures - Series 23  {Box of 6 random bags},2022,0.0,0.0,29.94,
71402-0,Super Mario,Character Pack Series 4 {Random bag},2022,0.0,0.0,4.99,
71403-1,Super Mario,Adventures with Peach,2022,354.0,38.0,59.99,
71410-0,Super Mario,Character Pack Series 5 {Random box},2022,0.0,0.0,5.99,
71410-10,Super Mario,Character Pack Series 5 - Sealed Box,2022,0.0,0.0,5.99,
71411-1,Super Mario,The Mighty Bowser,2022,2807.0,0.0,269.99,
71412-1,Super Mario,Big Bad Island,2022,354.0,22.0,44.99,
71767-1,Ninjago,Ninja Dojo Temple,2022,1394.0,8.0,99.99,
71774-1,Ninjago,Lloyd's Golden Ultra Dragon,2022,989.0,9.0,149.99,
71775-1,Ninjago,Nya's Samurai X MECH,2022,1003.0,8.0,119.99,
75327-1,Star Wars,Luke Skywalker (Red Five) Helmet,2022,675.0,0.0,69.99,
75328-1,Star Wars,The Mandalorian Helmet,2022,584.0,0.0,69.99,
75329-1,Star Wars,Death Star Trench Run Diorama,2022,665.0,0.0,69.99,
75337-1,Star Wars,AT-TE Walker,2022,1082.0,1.0,139.99,
75340-1,Star Wars,LEGO Star Wars Advent Calendar,2022,329.0,8.0,44.99,
75342-1,Star Wars,Republic Fighter Tank,2022,262.0,1.0,39.99,
75343-1,Star Wars,Dark Trooper Helmet,2022,693.0,0.0,69.99,
75571-1,Avatar,Neytiri & Thanator vs. AMP Suit Quaritch,2022,560.0,1.0,44.99,
75572-1,Avatar,Jake & Neytiri's First Banshee Flight,2022,572.0,12.0,59.99,
75573-1,Avatar,Floating Mountains: Site 26 & RDA Samson,2022,887.0,7.0,99.99,
75574-1,Avatar,Toruk Makto & Tree of Souls,2022,1212.0,3.0,149.99,
76206-1,Marvel Super Heroes,Iron Man Figure,2022,381.0,0.0,39.99,
76215-1,Marvel Super Heroes,Black Panther,2022,2961.0,0.0,349.99,
76216-1,Marvel Super Heroes,Iron Man Armory,2022,496.0,8.0,89.99,
76217-1,Marvel Super Heroes,I am Groot,2022,476.0,0.0,54.99,
76218-1,Marvel Super Heroes,Sanctum Sanctorum,2022,2708.0,9.0,249.99,
76223-1,Marvel Super Heroes,Nano Gauntlet,2022,675.0,0.0,69.99,
76225-1,Marvel Super Heroes,Miles Morales Figure,2022,238.0,0.0,24.99,
76226-1,Marvel Super Heroes,Spider-Man Figure,2022,258.0,0.0,24.99,
76230-1,Marvel Super Heroes,Venom Figure,2022,297.0,0.0,24.99,
76403-1,Harry Potter,The Ministry of Magic,2022,990.0,10.0,99.99,
76404-1,Harry Potter,LEGO Harry Potter Advent Calendar,2022,334.0,8.0,44.99,
76405-1,Harry Potter,Hogwarts Express - Collectors' Edition,2022,5129.0,20.0,499.99,
76408-1,Harry Potter,12 Grimmauld Place,2022,1083.0,9.0,119.99,
10279-1,Icons,Volkswagen T2 Camper Van,2021,2207.0,0.0,179.99,
10280-1,Icons,Flower Bouquet,2021,756.0,0.0,59.99,
10281-1,Icons,Bonsai Tree,2021,878.0,0.0,49.99,
10282-1,Icons,Adidas Originals Superstar,2021,731.0,0.0,79.99,
10282-2,Icons,Adidas Originals Superstar X Footshop 'Blueprinting',2021,974.0,0.0,79.99,
10283-1,Icons,NASA Space Shuttle Discovery,2021,2354.0,0.0,199.99,
10284-1,Icons,Camp Nou - FC Barcelona,2021,5509.0,0.0,349.99,
10289-1,Icons,Bird of Paradise,2021,1173.0,0.0,99.99,
10290-1,Icons,Pickup Truck,2021,1677.0,0.0,129.99,
10291-1,Icons,Queer Eye – The Fab 5 Loft,2021,974.0,1.0,99.99,
10292-1,Icons,The Friends Apartments,2021,2048.0,1.0,179.99,
10294-1,Icons,Titanic,2021,9090.0,0.0,679.99,
10295-1,Icons,Porsche 911,2021,1458.0,0.0,169.99,
10772-1,Disney,Mickey Mouse's Propeller Plane,2021,59.0,49.0,9.99,
10774-1,Disney,Mickey Mouse & Minnie Mouse's Space Rocket,2021,88.0,47.0,19.99,
10949-1,Duplo,Farm Animal Care,2021,11.0,0.0,9.99,
10953-1,Duplo,Unicorn,2021,8.0,0.0,9.99,
10955-1,Duplo,Animal Train,2021,15.0,0.0,19.99,
10957-1,Duplo,Fire Helicopter & Police Car,2021,14.0,0.0,9.99,
11012-1,Classic,Creative White Bricks,2021,60.0,0.0,4.99,
11013-1,Classic,Creative Transparent Bricks,2021,500.0,0.0,29.99,
11014-1,Classic,Bricks and Wheels,2021,653.0,0.0,39.99,
11015-1,Classic,Around the World,2021,950.0,0.0,49.99,
11016-1,Classic,Creative Building Bricks,2021,1200.0,0.0,49.99,
21056-1,Architecture,Taj Mahal,2021,2022.0,0.0,119.99,
21166-1,Minecraft,The 'Abandoned' Mine,2021,248.0,9.0,19.99,
21167-1,Minecraft,The Trading Post,2021,201.0,9.0,19.99,
21169-1,Minecraft,The First Adventure,2021,542.0,9.0,69.99,
21170-1,Minecraft,The Pig House,2021,490.0,12.0,49.99,
21172-1,Minecraft,The Ruined Portal,2021,316.0,25.0,29.99,
21174-1,Minecraft,The Modern Treehouse,2021,909.0,10.0,119.99,
21226-1,Art,Art Project - Create Together,2021,4138.0,0.0,119.99,
21327-1,Ideas,Typewriter,2021,2079.0,0.0,249.99,
21329-1,Ideas,Fender Stratocaster,2021,1074.0,0.0,119.99,
30387-1,Despicable Me,Bob Minion with Robot Arms,2021,75.0,15.0,4.99,
30565-1,Creator,Birthday Clown,2021,59.0,0.0,4.99,
30577-1,Creator,Super Muscle Car,2021,63.0,0.0,4.99,
30579-1,Creator,Easter Chick Egg,2021,52.0,0.0,4.99,
31112-1,Creator,Wild Lion,2021,224.0,0.0,14.99,
31113-1,Creator,Race Car Transporter,2021,328.0,0.0,19.99,
31114-1,Creator,Superbike,2021,236.0,0.0,19.99,
31115-1,Creator,Space Mining Mech,2021,327.0,0.0,24.99,
31121-1,Creator,Crocodile,2021,454.0,0.0,29.99,
31122-1,Creator,Fish Tank,2021,352.0,0.0,29.99,
31201-1,Art,Harry Potter Hogwarts Crests,2021,4249.0,0.0,119.99,
31202-1,Art,Disney's Mickey Mouse,2021,2658.0,0.0,119.99,
31203-1,Art,World Map,2021,11695.0,0.0,249.99,
40420-1,BrickHeadz,"Gru, Stuart and Otto",2021,244.0,0.0,19.99,
40421-1,BrickHeadz,"Belle Bottom, Kevin and Bob",2021,309.0,0.0,19.99,
40440-1,BrickHeadz,German Shepherds,2021,247.0,0.0,14.99,
40441-1,BrickHeadz,Shorthair Cats,2021,250.0,0.0,14.99,
40442-1,BrickHeadz,Goldfish,2021,186.0,0.0,14.99,
40443-1,BrickHeadz,Budgies,2021,261.0,0.0,14.99,
40451-1,Star Wars,Tatooine Homestead,2021,217.0,0.0,16.99,
40456-1,Brick Sketches,Mickey Mouse,2021,118.0,0.0,16.99,
40457-1,Brick Sketches,Minnie Mouse,2021,140.0,0.0,16.99,
40460-1,Botanicals,Roses,2021,120.0,0.0,14.99,
40461-1,Creator,Tulips,2021,111.0,0.0,9.99,
40462-1,Seasonal,Valentine's Brown Bear,2021,245.0,0.0,14.99,
40463-1,Seasonal,Easter Bunny,2021,293.0,0.0,14.99,
40464-1,Xtra,Chinatown,2021,35.0,0.0,3.99,
40465-1,Xtra,Food,2021,36.0,0.0,3.99,
40466-1,BrickHeadz,Chinese New Year Pandas,2021,249.0,0.0,19.99,
40468-1,Creator,Yellow Taxi,2021,124.0,0.0,9.99,
40469-1,Creator,Tuk Tuk,2021,155.0,0.0,9.99,
40472-1,Monkie Kid,Monkie Kid's RC Race,2021,57.0,13.0,12.99,
40473-1,Promotional,LEGOLAND Water Park,2021,360.0,25.0,39.99,
40476-1,BrickHeadz,Daisy Duck,2021,110.0,0.0,9.99,
40477-1,BrickHeadz,"Scrooge McDuck, Huey, Dewey & Louie",2021,340.0,0.0,24.99,
40479-1,BrickHeadz,Dalmatians,2021,252.0,0.0,14.99,
40480-1,BrickHeadz,Ginger Tabby,2021,269.0,0.0,14.99,
40481-1,BrickHeadz,Cockatiel,2021,219.0,0.0,14.99,
40482-1,BrickHeadz,Hamster,2021,243.0,0.0,14.99,
40490-1,BrickHeadz,NINJAGO 10,2021,406.0,0.0,29.99,
40492-1,BrickHeadz,La Catrina,2021,141.0,0.0,9.99,
40493-1,Seasonal,Spider & Haunted House Pack,2021,132.0,0.0,9.99,
40494-1,Seasonal,Polar Bear & Gift Pack,2021,142.0,0.0,9.99,
40495-1,BrickHeadz,"Harry, Hermione, Ron & Hagrid",2021,466.0,0.0,24.99,
40496-1,BrickHeadz,"Voldemort, Nagini & Bellatrix",2021,344.0,0.0,24.99,
40497-1,Seasonal,Halloween Owl,2021,228.0,0.0,14.99,
40498-1,Seasonal,Christmas Penguin,2021,244.0,0.0,14.99,
40511-1,Despicable Me,Minions Kung Fu Training,2021,54.0,4.0,14.99,
40516-1,Icons,Everyone Is Awesome,2021,346.0,11.0,34.99,
41909-1,Dots,Mermaid Vibes Bracelets,2021,34.0,0.0,5.99,
41910-1,Dots,Ice Cream Besties Bracelets,2021,34.0,0.0,5.99,
41918-1,Dots,Adventure Bracelets,2021,34.0,0.0,5.99,
41921-1,Dots,Extra DOTS - Series 3,2021,107.0,0.0,3.99,
41922-1,Dots,Cool Cactus Bracelet,2021,33.0,0.0,4.99,
41923-1,Dots,Monster Bracelets,2021,34.0,0.0,5.99,
41924-1,Dots,Secret Holder,2021,451.0,0.0,19.99,
41925-1,Dots,Secret Boxes,2021,273.0,0.0,14.99,
41926-1,Dots,Creative Party Kit,2021,622.0,0.0,24.99,
41927-1,Dots,Bag Tag Dog,2021,84.0,0.0,6.99,
41928-1,Dots,Bag Tag Narwhal,2021,85.0,0.0,6.99,
41929-1,Dots,Bag Tag Leopard,2021,84.0,0.0,6.99,
41930-1,Dots,Bag Tag Panda,2021,84.0,0.0,6.99,
41931-1,Dots,Extra DOTS - Series 4,2021,105.0,0.0,3.99,
41932-1,Dots,Extra DOTS - Series 5,2021,120.0,0.0,3.99,
41933-1,Dots,Music Bracelet,2021,33.0,0.0,4.99,
41934-1,Dots,Starlight Bracelets,2021,34.0,0.0,5.99,
41935-1,Dots,Lots of DOTS,2021,1040.0,0.0,19.99,
41936-1,Dots,Pencil Holder,2021,321.0,0.0,19.99,
41937-1,Dots,Multi Pack - Summer Vibes,2021,441.0,0.0,29.99,
41938-1,Dots,Creative Designer Box,2021,849.0,0.0,39.99,
41939-1,Dots,Bag Tag Dragon,2021,82.0,0.0,6.99,
41940-1,Dots,Bag Tag Unicorn,2021,80.0,0.0,6.99,
42116-1,Technic,Skid Steer Loader,2021,140.0,0.0,9.99,
42117-1,Technic,Race Plane,2021,145.0,0.0,9.99,
42118-1,Technic,Monster Jam Grave Digger,2021,212.0,0.0,19.99,
42119-1,Technic,Monster Jam Max-D,2021,230.0,0.0,19.99,
42120-1,Technic,Rescue Hovercraft,2021,457.0,0.0,29.99,
42121-1,Technic,Heavy Duty Excavator,2021,569.0,0.0,39.99,
42122-1,Technic,Jeep Wrangler,2021,665.0,0.0,49.99,
42123-1,Technic,McLaren Senna GTR,2021,830.0,0.0,49.99,
42124-1,Technic,Off-Road Buggy,2021,374.0,0.0,129.99,
42125-1,Technic,Ferrari 488 GTE 'AF Corse #51',2021,1677.0,0.0,199.99,
42126-1,Technic,Ford F-150 Raptor,2021,1379.0,0.0,99.99,
42128-1,Technic,Heavy-Duty Tow Truck,2021,2017.0,0.0,159.99,
42129-1,Technic,4x4 Mercedes-Benz Zetros Trial Truck,2021,2110.0,0.0,329.99,
42131-1,Technic,Cat D11 Bulldozer,2021,3854.0,0.0,499.99,
43101-0,Vidiyo,Bandmates Series 1 {Random box},2021,0.0,0.0,4.99,
43101-1,Vidiyo,Ice Cream Saxophonist,2021,9.0,15.0,4.99,
43101-2,Vidiyo,Samurapper,2021,11.0,6.0,4.99,
43101-3,Vidiyo,Shark Singer,2021,9.0,2.0,4.99,
43101-4,Vidiyo,DJ Cheetah,2021,10.0,7.0,4.99,
43101-5,Vidiyo,Genie Dancer,2021,10.0,13.0,4.99,
43101-6,Vidiyo,Discowboy,2021,10.0,12.0,4.99,
43101-7,Vidiyo,Red Panda Dancer,2021,10.0,17.0,4.99,
43101-8,Vidiyo,Banshee Singer,2021,11.0,9.0,4.99,
43101-9,Vidiyo,Alien Keytarist,2021,10.0,8.0,4.99,
43101-10,Vidiyo,Cotton Candy Cheerleader,2021,11.0,11.0,4.99,
43101-11,Vidiyo,Bunny Dancer,2021,9.0,10.0,4.99,
43101-12,Vidiyo,Werewolf Drummer,2021,11.0,18.0,4.99,
43101-14,Vidiyo,Bandmates Series 1 - Sealed Box,2021,0.0,0.0,4.99,
43102-1,Vidiyo,Candy Mermaid BeatBox,2021,71.0,1.0,19.99,
43103-1,Vidiyo,Punk Pirate BeatBox,2021,73.0,16.0,19.99,
43104-1,Vidiyo,Alien DJ BeatBox,2021,73.0,3.0,19.99,
43105-1,Vidiyo,Party Llama BeatBox,2021,82.0,4.0,19.99,
43106-1,Vidiyo,Unicorn DJ BeatBox,2021,84.0,5.0,19.99,
43107-1,Vidiyo,HipHop Robot BeatBox,2021,73.0,14.0,19.99,
43108-0,Vidiyo,Bandmates Series 2 {Random box},2021,0.0,0.0,4.99,
43108-1,Vidiyo,Alien Dancer,2021,12.0,35.0,4.99,
43108-2,Vidiyo,Discowgirl Guitarist,2021,13.0,39.0,4.99,
43108-3,Vidiyo,DJ Rasp-Beary,2021,10.0,43.0,4.99,
43108-4,Vidiyo,Dragon Guitarist,2021,13.0,46.0,4.99,
43108-5,Vidiyo,Karaoke Mermaid,2021,12.0,40.0,4.99,
43108-6,Vidiyo,DJ Captain,2021,11.0,37.0,4.99,
43108-7,Vidiyo,Puppy Singer,2021,11.0,36.0,4.99,
43108-8,Vidiyo,DJ Beatbox,2021,10.0,42.0,4.99,
43108-9,Vidiyo,Slime Singer,2021,12.0,44.0,4.99,
43108-10,Vidiyo,Carnival Dancer,2021,12.0,41.0,4.99,
43108-11,Vidiyo,Vampire Bassist,2021,12.0,45.0,4.99,
43108-12,Vidiyo,Zombie Dancer,2021,12.0,38.0,4.99,
43108-14,Vidiyo,Bandmates Series 2 - Sealed Box,2021,0.0,0.0,4.99,
43109-1,Vidiyo,Metal Dragon BeatBox,2021,86.0,19.0,19.99,
43110-1,Vidiyo,Folk Fairy BeatBox,2021,89.0,20.0,19.99,
43111-1,Vidiyo,Candy Castle Stage,2021,344.0,21.0,29.99,
43112-1,Vidiyo,Robo HipHop Car,2021,387.0,23.0,29.99,
43113-1,Vidiyo,K-Pawp Concert,2021,514.0,25.0,49.99,
43114-1,Vidiyo,Punk Pirate Ship,2021,615.0,28.0,59.99,
43115-1,Vidiyo,The Boombox,2021,996.0,31.0,99.99,
43186-1,Disney,Bruni the Salamander Buildable Character,2021,96.0,0.0,12.99,
43196-1,Disney,Belle and the Beast's Castle,2021,505.0,9.0,89.99,
45400-1,Education,BricQ Motion Prime,2021,562.0,0.0,159.95,
45401-1,Education,BricQ Motion Essential,2021,523.0,0.0,159.95,
45609-1,Education,Small Hub,2021,2.0,0.0,244.95,
45612-1,Education,Small Hub Battery,2021,1.0,0.0,79.95,
45681-1,Education,Spike Prime Expansion Set (v2),2021,604.0,0.0,156.95,
60278-1,City,Crook's Hideout Raid,2021,654.0,0.0,99.99,
60292-1,City,Town Centre,2021,790.0,10.0,99.99,
60304-1,City,Road Plates,2021,112.0,0.0,19.99,
66678-1,Collectable Minifigures,LEGO Minifigures - Marvel Studios Series {Box of 6 random bags},2021,0.0,0.0,29.94,
71029-0,Collectable Minifigures,LEGO Minifigures - Series 21 {Random bag},2021,0.0,0.0,4.99,
71029-14,Collectable Minifigures,LEGO Minifigures - Series 21 - Sealed Box,2021,0.0,0.0,4.99,
71030-0,Collectable Minifigures,LEGO Minifigures - Looney Tunes Series {Random bag},2021,0.0,0.0,4.99,
71030-1,Collectable Minifigures,Lola Bunny,2021,5.0,1.0,4.99,
71030-2,Collectable Minifigures,Bugs Bunny,2021,6.0,2.0,4.99,
71030-3,Collectable Minifigures,Wile E. Coyote,2021,9.0,3.0,4.99,
71030-4,Collectable Minifigures,Road Runner,2021,9.0,4.0,4.99,
71030-5,Collectable Minifigures,Tweety Bird,2021,10.0,5.0,4.99,
71030-6,Collectable Minifigures,Sylvester the Cat,2021,6.0,6.0,4.99,
71030-7,Collectable Minifigures,Daffy Duck,2021,7.0,7.0,4.99,
71030-8,Collectable Minifigures,Speedy Gonzales,2021,8.0,8.0,4.99,
71030-9,Collectable Minifigures,Tasmanian Devil,2021,9.0,9.0,4.99,
71030-10,Collectable Minifigures,Marvin the Martian,2021,7.0,10.0,4.99,
71030-11,Collectable Minifigures,Petunia Pig,2021,7.0,11.0,4.99,
71030-12,Collectable Minifigures,Porky Pig,2021,8.0,12.0,4.99,
71030-14,Collectable Minifigures,LEGO Minifigures - Looney Tunes Series - Sealed Box,2021,0.0,0.0,4.99,
71031-0,Collectable Minifigures,LEGO Minifigures - Marvel Studios Series {Random bag},2021,0.0,0.0,4.99,
71031-1,Collectable Minifigures,The Scarlet Witch,2021,8.0,1.0,4.99,
71031-2,Collectable Minifigures,The Vision,2021,8.0,2.0,4.99,
71031-3,Collectable Minifigures,Monica Rambeau,2021,10.0,3.0,4.99,
71031-4,Collectable Minifigures,Winter Soldier,2021,8.0,4.0,4.99,
71031-5,Collectable Minifigures,Captain America,2021,10.0,5.0,4.99,
71031-6,Collectable Minifigures,Loki,2021,7.0,6.0,4.99,
71031-7,Collectable Minifigures,Sylvie,2021,7.0,7.0,4.99,
71031-8,Collectable Minifigures,Zombie Hunter Spidey,2021,9.0,8.0,4.99,
71031-9,Collectable Minifigures,Zombie Captain America,2021,6.0,9.0,4.99,
71031-10,Collectable Minifigures,Captain Carter,2021,8.0,10.0,4.99,
71031-11,Collectable Minifigures,T'Challa Star-Lord,2021,9.0,11.0,4.99,
71031-12,Collectable Minifigures,Gamora with Blade of Thanos,2021,8.0,12.0,4.99,
71380-1,Super Mario,Master Your Adventure,2021,366.0,22.0,59.99,
71382-1,Super Mario,Piranha Plant Puzzling Challenge,2021,267.0,44.0,29.99,
71383-1,Super Mario,Wiggler's Poison Swamp,2021,374.0,43.0,39.99,
71384-1,Super Mario,Penguin Mario Power-Up Pack,2021,18.0,0.0,9.99,
71385-1,Super Mario,Tanooki Mario Power-Up Pack,2021,13.0,0.0,9.99,
71386-0,Super Mario,Character Pack Series 2 {Random bag},2021,0.0,0.0,4.99,
71386-3,Super Mario,Ninji,2021,23.0,49.0,4.99,
71386-5,Super Mario,Parachute Goomba,2021,24.0,48.0,4.99,
71386-9,Super Mario,Fly Guy,2021,32.0,47.0,4.99,
71389-1,Super Mario,Lakitu Sky World,2021,484.0,16.0,39.99,
71392-1,Super Mario,Frog Mario Power-Up Pack,2021,11.0,0.0,9.99,
71393-1,Super Mario,Bee Mario Power-Up Pack,2021,13.0,0.0,9.99,
71394-0,Super Mario,Character Pack Series 3 {Random bag},2021,0.0,0.0,4.99,
71394-11,Super Mario,Character Pack Series 3 - Complete,2021,230.0,10.0,4.99,
71395-1,Super Mario,Super Mario 64 Question Mark Block,2021,2064.0,0.0,199.99,
71741-1,Ninjago,NINJAGO City Gardens,2021,5685.0,22.0,349.99,
71756-1,Ninjago,Hydro Bounty,2021,1159.0,10.0,139.99,
75304-1,Star Wars,Darth Vader Helmet,2021,834.0,0.0,79.99,
75305-1,Star Wars,Scout Trooper Helmet,2021,471.0,0.0,49.99,
75306-1,Star Wars,Imperial Probe Droid,2021,683.0,0.0,59.99,
75313-1,Star Wars,AT-AT,2021,6785.0,9.0,849.99,
10271-1,Creator Expert,Fiat 500,2020,960.0,0.0,89.99,
10272-1,Creator Expert,Old Trafford - Manchester United,2020,3898.0,0.0,299.99,
10273-1,Icons,Haunted House,2020,3231.0,10.0,299.99,
10274-1,Icons,Ghostbusters ECTO-1,2020,2352.0,0.0,239.99,
10276-1,Icons,Colosseum,2020,9036.0,0.0,549.99,
10909-1,Duplo,Heart Box,2020,80.0,0.0,19.99,
10917-1,Duplo,Fire Truck,2020,6.0,0.0,6.99,
10918-1,Duplo,Tow Truck,2020,7.0,0.0,6.99,
10922-1,Duplo,Ariel's Undersea Castle,2020,35.0,2.0,29.99,
10924-1,Duplo,Lightning McQueen's Race Day,2020,42.0,21.0,29.99,
10934-1,Duplo,Creative Animals,2020,175.0,0.0,59.99,
11006-1,Classic,Creative Blue Bricks,2020,52.0,0.0,4.99,
11007-1,Classic,Creative Green Bricks,2020,60.0,0.0,4.99,
11008-1,Classic,Bricks and Houses,2020,270.0,0.0,19.99,
11009-1,Classic,Bricks and Lights,2020,441.0,0.0,29.99,
11010-1,Classic,White Baseplate,2020,1.0,0.0,7.99,
11011-1,Classic,Bricks and Animals,2020,1500.0,0.0,59.99,
11717-1,Classic,Bricks Bricks Plates,2020,1504.0,0.0,69.99,
21051-1,Architecture,Tokyo,2020,547.0,0.0,59.99,
21052-1,Architecture,Dubai,2020,740.0,0.0,59.99,
21054-1,Architecture,The White House,2020,1483.0,0.0,99.99,
21156-1,Minecraft,BigFig Creeper and Ocelot,2020,184.0,0.0,14.99,
21157-1,Minecraft,BigFig Pig with Baby Zombie,2020,159.0,0.0,14.99,
21158-1,Minecraft,The Panda Nursery,2020,204.0,17.0,19.99,
21161-1,Minecraft,The Crafting Box 3.0,2020,564.0,10.0,69.99,
21162-1,Minecraft,The Taiga Adventure,2020,74.0,11.0,9.99,
21321-1,Ideas,International Space Station,2020,864.0,0.0,69.99,
21322-1,Ideas,Pirates of Barracuda Bay,2020,2545.0,10.0,199.99,
21323-1,Ideas,Grand Piano,2020,3662.0,0.0,399.99,
30329-1,Duplo,My First Giraffe,2020,5.0,0.0,4.99,
30330-1,Duplo,Birthday Cake,2020,9.0,0.0,4.99,
30342-1,Speed Champions,Lamborghini Huracán Super Trofeo EVO,2020,70.0,0.0,4.99,
30386-1,Star Wars,Poe Dameron's X-wing Fighter,2020,72.0,0.0,4.99,
30411-1,Friends,Chocolate Box & Flower,2020,75.0,0.0,4.99,
30464-1,Hidden Side,El Fuego's Stunt Cannon,2020,46.0,42.0,4.99,
30536-1,Ninjago,Combo Charger,2020,71.0,0.0,4.99,
30548-1,Miscellaneous,Build Your Own Birds - Make It Yours,2020,26.0,0.0,4.99,
30549-1,Miscellaneous,Build Your Own Vehicles - Make It Yours,2020,59.0,0.0,4.99,
30550-1,Creator,Easter Bunny,2020,67.0,0.0,4.99,
30555-1,Trolls World Tour,Poppy's Carriage,2020,51.0,5.0,4.99,
30556-1,Dots,Mini Frame,2020,85.0,0.0,4.99,
30574-1,Creator,Cat,2020,55.0,0.0,4.99,
30575-1,Creator,Train,2020,59.0,0.0,4.99,
30576-1,Creator,Holiday Tree,2020,70.0,0.0,4.99,
31099-1,Creator,Propeller Plane,2020,128.0,0.0,9.99,
31100-1,Creator,Sports Car,2020,134.0,0.0,9.99,
31101-1,Creator,Monster Truck,2020,163.0,0.0,14.99,
31102-1,Creator,Fire Dragon,2020,234.0,0.0,19.99,
31103-1,Creator,Rocket Truck,2020,198.0,0.0,19.99,
31109-1,Creator,Pirate Ship,2020,1264.0,47.0,119.99,
31197-1,Art,Andy Warhol's Marilyn Monroe,2020,3341.0,0.0,119.99,
31198-1,Art,The Beatles,2020,2933.0,0.0,119.99,
31199-1,Art,Marvel Studios Iron Man,2020,3167.0,0.0,119.99,
31200-1,Art,Star Wars The Sith,2020,3406.0,0.0,119.99,
40371-1,Seasonal,Easter Egg,2020,239.0,0.0,12.99,
40375-1,Xtra,Sports Accessories,2020,36.0,0.0,3.99,
40376-1,Xtra,Botanical Accessories,2020,32.0,0.0,3.99,
40377-1,BrickHeadz,Donald Duck,2020,90.0,0.0,9.99,
40378-1,BrickHeadz,Goofy & Pluto,2020,214.0,0.0,14.99,
40379-1,BrickHeadz,Valentine's Bear,2020,150.0,0.0,9.99,
40380-1,BrickHeadz,Easter Sheep,2020,192.0,0.0,9.99,
40381-1,BrickHeadz,Monkey King,2020,175.0,0.0,9.99,
40383-1,BrickHeadz,Wedding Bride,2020,306.0,0.0,12.99,
40384-1,BrickHeadz,Wedding Groom,2020,255.0,0.0,12.99,
40385-1,Miscellaneous,Trophy,2020,200.0,0.0,12.99,
40386-1,Brick Sketches,Batman,2020,115.0,0.0,16.99,
40391-1,Brick Sketches,First Order Stormtrooper,2020,151.0,0.0,16.99,
40408-1,Hidden Side,Drag Racer,2020,134.0,9.0,12.99,
40422-1,BrickHeadz,Frankenstein,2020,108.0,0.0,9.99,
40423-1,Seasonal,Halloween Hayride,2020,148.0,47.0,12.99,
40425-1,BrickHeadz,Nutcracker,2020,180.0,0.0,9.99,
40426-1,Seasonal,Christmas Wreath 2-in-1,2020,510.0,0.0,39.99,
40428-1,Brick Sketches,The Joker,2020,170.0,0.0,16.99,
40429-1,Promotional,LEGOLAND NINJAGO World,2020,440.0,17.0,39.99,
40431-1,Brick Sketches,BB-8,2020,171.0,0.0,16.99,
40436-1,BrickHeadz,Lucky Cat,2020,134.0,0.0,9.99,
41250-1,Trolls World Tour,Techno Reef Dance Party,2020,173.0,1.0,19.99,
41251-1,Trolls World Tour,Poppy's Pod,2020,103.0,9.0,19.99,
41252-1,Trolls World Tour,Poppy's Air Balloon Adventure,2020,250.0,2.0,29.99,
41253-1,Trolls World Tour,Lonesome Flats Raft Adventure,2020,159.0,6.0,29.99,
41254-1,Trolls World Tour,Volcano Rock City Concert,2020,387.0,19.0,39.99,
41255-1,Trolls World Tour,Pop Village Celebration,2020,380.0,12.0,49.99,
41256-1,Trolls World Tour,Rainbow Caterbus,2020,395.0,2.0,39.99,
41258-1,Trolls World Tour,Vibe City Concert,2020,494.0,22.0,59.99,
41900-1,Dots,Rainbow Bracelet,2020,33.0,0.0,4.99,
41901-1,Dots,Funky Animals Bracelet,2020,33.0,0.0,4.99,
41902-1,Dots,Sparkly Unicorn Bracelet,2020,33.0,0.0,4.99,
41903-1,Dots,Cosmic Wonder Bracelet,2020,33.0,0.0,4.99,
41904-1,Dots,Animal Picture Holders,2020,423.0,0.0,14.99,
41905-1,Dots,Rainbow Jewellery Stand,2020,213.0,0.0,14.99,
41906-1,Dots,Pineapple Pencil Holder,2020,351.0,0.0,19.99,
41907-1,Dots,Desk Organiser,2020,405.0,0.0,19.99,
41908-1,Dots,Extra DOTS - Series 1,2020,109.0,0.0,3.99,
41911-1,Dots,Go Team! Bracelet,2020,33.0,0.0,4.99,
41912-1,Dots,Love Birds Bracelet,2020,33.0,0.0,4.99,
41913-1,Dots,Bracelet Mega Pack,2020,300.0,0.0,24.99,
41914-1,Dots,Creative Picture Frames,2020,398.0,0.0,19.99,
41915-1,Dots,Jewellery Box,2020,374.0,0.0,19.99,
41916-1,Dots,Extra DOTS - Series 2,2020,109.0,0.0,3.99,
41917-1,Dots,Magic Forest Bracelet,2020,33.0,0.0,4.99,
41919-1,Dots,Power Bracelet,2020,33.0,0.0,4.99,
42101-1,Technic,Buggy,2020,117.0,0.0,12.99,
42102-1,Technic,Mini CLAAS XERION,2020,130.0,0.0,12.99,
42103-1,Technic,Dragster,2020,225.0,0.0,19.99,
42104-1,Technic,Race Truck,2020,227.0,0.0,19.99,
42105-1,Technic,Catamaran,2020,404.0,0.0,49.99,
42106-1,Technic,Stunt Show Truck & Bike,2020,610.0,0.0,49.99,
42107-1,Technic,Ducati Panigale V4 R,2020,646.0,0.0,79.99,
42108-1,Technic,Mobile Crane,2020,1292.0,0.0,99.99,
42109-1,Technic,App-Controlled Top Gear Rally Car,2020,463.0,0.0,129.99,
42111-1,Technic,Dom's Dodge Charger,2020,1077.0,0.0,119.99,
42112-1,Technic,Concrete Mixer Truck,2020,1163.0,0.0,119.99,
42113-1,Technic,Bell-Boeing V-22 Osprey,2020,1636.0,0.0,149.99,
42114-1,Technic,6x6 Volvo Articulated Hauler,2020,2193.0,0.0,249.99,
42115-1,Technic,Lamborghini Sián FKP 37,2020,3696.0,0.0,449.99,
43170-1,Disney,Moana's Ocean Adventure,2020,46.0,4.0,9.99,
43179-1,Disney,Mickey Mouse and Minnie Mouse Buildable Characters,2020,1739.0,0.0,179.99,
43180-1,Disney,Belle's Castle Winter Celebration,2020,238.0,8.0,49.99,
43183-1,Disney,Moana's Island Home,2020,202.0,4.0,29.99,
45026-1,Education,Tubes,2020,150.0,0.0,174.95,
45030-1,Education,People,2020,18.0,26.0,119.95,
45603-1,Education,Medium Angular Motor,2020,1.0,0.0,32.95,
45678-1,Education,SPIKE Prime Set,2020,528.0,7.0,399.95,
45680-1,Education,Expansion Set,2020,603.0,0.0,104.95,
51515-1,Mindstorms,Robot Inventor,2020,949.0,0.0,359.99,
60262-1,City,Passenger Airplane,2020,669.0,9.0,99.99,
60266-1,City,Ocean Exploration Ship,2020,745.0,8.0,149.99,
60271-1,City,Main Square,2020,1517.0,15.0,199.99,
70427-1,Hidden Side,Welcome to the Hidden Side,2020,189.0,31.0,19.99,
70428-1,Hidden Side,Jack's Beach Buggy,2020,170.0,46.0,19.99,
70429-1,Hidden Side,El Fuego's Stunt Plane,2020,295.0,43.0,29.99,
70430-1,Hidden Side,Newbury Subway,2020,348.0,49.0,29.99,
70431-1,Hidden Side,The Lighthouse of Darkness,2020,540.0,47.0,49.99,
70432-1,Hidden Side,Haunted Fairground,2020,466.0,35.0,49.99,
70434-1,Hidden Side,Supernatural Race Car,2020,244.0,47.0,29.99,
70435-1,Hidden Side,Newbury Abandoned Prison,2020,400.0,43.0,39.99,
70436-1,Hidden Side,Phantom Fire Truck 3000,2020,760.0,36.0,59.99,
71026-1,Collectable Minifigures,Mister Miracle,2020,10.0,1.0,4.99,
71026-2,Collectable Minifigures,Wonder Woman,2020,9.0,2.0,4.99,
71026-3,Collectable Minifigures,Aquaman,2020,8.0,3.0,4.99,
71026-4,Collectable Minifigures,Stargirl,2020,9.0,4.0,4.99,
71026-5,Collectable Minifigures,Sinestro,2020,10.0,5.0,4.99,
71026-6,Collectable Minifigures,Cheetah,2020,9.0,6.0,4.99,
71026-7,Collectable Minifigures,Superman,2020,9.0,7.0,4.99,
71026-8,Collectable Minifigures,Green Lantern,2020,9.0,8.0,4.99,
71026-9,Collectable Minifigures,Cyborg,2020,8.0,9.0,4.99,
71026-10,Collectable Minifigures,Batman,2020,10.0,10.0,4.99,
71026-11,Collectable Minifigures,Huntress,2020,10.0,11.0,4.99,
71026-12,Collectable Minifigures,Metamorpho,2020,7.0,12.0,4.99,
71026-13,Collectable Minifigures,Joker,2020,11.0,13.0,4.99,
71026-14,Collectable Minifigures,Bumblebee,2020,10.0,14.0,4.99,
71026-15,Collectable Minifigures,Flash,2020,10.0,15.0,4.99,
71026-16,Collectable Minifigures,Bat-Mite,2020,9.0,16.0,4.99,
71027-0,Collectable Minifigures,LEGO Minifigures - Series 20 {Random Bag},2020,0.0,0.0,4.99,
71028-0,Collectable Minifigures,LEGO Minifigures - Harry Potter Series 2 {Random bag},2020,0.0,0.0,4.99,
71028-1,Collectable Minifigures,Harry Potter,2020,9.0,23.0,4.99,
71028-2,Collectable Minifigures,Albus Dumbledore,2020,8.0,24.0,4.99,
71028-3,Collectable Minifigures,Hermione Granger,2020,7.0,25.0,4.99,
71028-4,Collectable Minifigures,Ron Weasley,2020,7.0,26.0,4.99,
71028-5,Collectable Minifigures,Luna Lovegood,2020,6.0,27.0,4.99,
71028-6,Collectable Minifigures,Griphook,2020,7.0,28.0,4.99,
71028-7,Collectable Minifigures,Lily Potter,2020,7.0,29.0,4.99,
71028-8,Collectable Minifigures,James Potter,2020,8.0,30.0,4.99,
71028-9,Collectable Minifigures,Ginny Weasley,2020,8.0,31.0,4.99,
71028-10,Collectable Minifigures,Fred Weasley,2020,6.0,32.0,4.99,
71028-11,Collectable Minifigures,George Weasley,2020,7.0,33.0,4.99,
71028-12,Collectable Minifigures,Bellatrix Lestrange,2020,8.0,34.0,4.99,
71028-13,Collectable Minifigures,Kingsley Shacklebolt,2020,8.0,35.0,4.99,
71028-14,Collectable Minifigures,Moaning Myrtle,2020,8.0,36.0,4.99,
71028-15,Collectable Minifigures,Professor Pomona Sprout,2020,9.0,37.0,4.99,
71028-16,Collectable Minifigures,Neville Longbottom,2020,9.0,38.0,4.99,
71028-17,Collectable Minifigures,LEGO Minifigures - Harry Potter Series 2 - Complete,2020,122.0,17.0,4.99,
71028-18,Collectable Minifigures,LEGO Minifigures - Harry Potter Series 2 - Sealed Box,2020,0.0,0.0,4.99,
71360-1,Super Mario,Adventures with Mario,2020,231.0,3.0,59.99,
71361-0,Super Mario,Character Pack Series 1 {Random bag},2020,0.0,0.0,4.99,
71361-1,Super Mario,Paragoomba,2020,24.0,25.0,4.99,
71361-2,Super Mario,Fuzzy,2020,29.0,21.0,4.99,
71361-3,Super Mario,Spiny,2020,20.0,28.0,4.99,
71361-4,Super Mario,Buzzy Beetle,2020,16.0,17.0,4.99,
71361-5,Super Mario,Bullet Bill,2020,25.0,16.0,4.99,
71361-6,Super Mario,Bob-omb,2020,22.0,14.0,4.99,
71361-7,Super Mario,Eep Cheep,2020,26.0,20.0,4.99,
71361-8,Super Mario,Blooper,2020,20.0,13.0,4.99,
71361-9,Super Mario,Urchin,2020,27.0,32.0,4.99,
71361-10,Super Mario,Peepa,2020,21.0,26.0,4.99,
71361-12,Super Mario,Character Pack Series 1 - Sealed Box,2020,0.0,0.0,4.99,
71362-1,Super Mario,Guarded Fortress,2020,468.0,14.0,49.99,
71363-1,Super Mario,Desert Pokey,2020,180.0,8.0,19.99,
71364-1,Super Mario,Whomp's Lava Trouble,2020,133.0,33.0,19.99,
71365-1,Super Mario,Piranha Plant Power Slide,2020,217.0,6.0,29.99,
71366-1,Super Mario,Boomer Bill Barrage,2020,132.0,9.0,29.99,
71367-1,Super Mario,Mario's House & Yoshi,2020,205.0,12.0,29.99,
71368-1,Super Mario,Toad's Treasure Hunt,2020,464.0,10.0,69.99,
71369-1,Super Mario,Bowser's Castle Boss Battle,2020,1010.0,1.0,99.99,
71370-1,Super Mario,Fire Mario Power-Up Pack,2020,11.0,0.0,9.99,
71371-1,Super Mario,Propeller Mario Power-Up Pack,2020,13.0,0.0,9.99,
71372-1,Super Mario,Cat Mario Power-Up Pack,2020,11.0,0.0,9.99,
71373-1,Super Mario,Builder Mario Power-Up Pack,2020,10.0,0.0,9.99,
71374-1,Super Mario,Nintendo Entertainment System,2020,2646.0,36.0,269.99,
71376-1,Super Mario,Thwomp Drop,2020,393.0,31.0,39.99,
71377-1,Super Mario,King Boo and the Haunted Yard,2020,431.0,5.0,49.99,
71708-1,Ninjago,Gamer's Market,2020,218.0,9.0,29.99,
71722-1,Ninjago,Skull Sorcerer's Dungeons,2020,1171.0,8.0,99.99,
75274-1,Star Wars,TIE Fighter Pilot Helmet,2020,724.0,0.0,59.99,
75276-1,Star Wars,Stormtrooper Helmet,2020,647.0,0.0,59.99,
75277-1,Star Wars,Boba Fett Helmet,2020,625.0,0.0,59.99,
75279-1,Star Wars,LEGO Star Wars Advent Calendar,2020,311.0,10.0,39.99,
75280-1,Star Wars,501st Legion Clone Troopers,2020,285.0,1.0,29.99,
75290-1,Star Wars,Mos Eisley Cantina,2020,3187.0,21.0,399.99,
75317-1,BrickHeadz,The Mandalorian & The Child,2020,295.0,0.0,19.99,
75549-1,Despicable Me,Unstoppable Bike Chase,2020,136.0,4.0,19.99,
75551-1,Despicable Me,Brick-built Minions and their Lair,2020,876.0,1.0,49.99,
75940-1,Jurassic World,Gallimimus and Pteranodon Breakout,2020,391.0,21.0,49.99,
75941-1,Jurassic World,Indominus rex vs. Ankylosaurus,2020,537.0,23.0,99.99,
75969-1,Harry Potter,Hogwarts Astronomy Tower,2020,971.0,8.0,99.99,
75978-1,Harry Potter,Diagon Alley,2020,5544.0,17.0,449.99,
75980-1,Harry Potter,Attack on the Burrow,2020,1047.0,8.0,99.99,
